v41jsDP	1	0.03282	vec01228	0.03282	vec00154	0.03124	vec00402	0.02262	vec00149	0.02153	vec00086	0.01798	vec01291	0.0163	vec00003	0.01556	vec00391	0.01493	vec00104	0.01446	vec01545	0.01396
v41jsBJ	3	0.0437	vec01228	0.0437	vec00017	0.03986	vec00556	0.03081	vec00040	0.02796	vec00417	0.02788	vec00911	0.02724	vec00097	0.02691	vec00032	0.0257	vec00314	0.02484	vec00865	0.02371
v41jsCK	2	0.04453	vec01523	0.04453	vec00341	0.04233	vec00091	0.03184	vec01940	0.02631	vec00812	0.02622	vec01631	0.02452	vec00370	0.0245	vec00556	0.02281	vec01693	0.02241	vec00766	0.02082
v41jsAM	4	0.04716	vec00022	0.04716	vec00516	0.04511	vec01646	0.02426	vec00884	0.0235	vec00698	0.02323	vec00323	0.02252	vec01131	0.02206	vec00199	0.02193	vec00439	0.02098	vec01555	0.02092
v41jsDM	1	0.04902	vec01228	0.04902	vec00435	0.04764	vec00784	0.04532	vec00557	0.0441	vec00633	0.02817	vec01044	0.02235	vec00524	0.02148	vec00432	0.01974	vec00132	0.01911	vec01828	0.01687
v41jsM	42791	0.04938	vec00199	0.04938	vec00524	0.02768	vec00017	0.02236	vec00381	0.01763	vec00226	0.01708	vec01169	0.01377	vec00164	0.01301	vec00206	0.01227	vec00812	0.0116	vec00097	0.0108
v41jsBQ	1	0.04968	vec00017	0.04968	vec00524	0.04159	vec00063	0.04072	vec00892	0.03392	vec00091	0.03296	vec01228	0.02805	vec01547	0.02408	vec00580	0.02242	vec00097	0.02149	vec00812	0.02067
v41jmD	1	0.05207	vec00747	0.05207	vec00503	0.04224	vec00466	0.042	vec01486	0.04196	vec01196	0.03661	vec00610	0.02849	vec01669	0.02797	vec01376	0.02728	vec00205	0.02449	vec01162	0.02211
v41jsE	1	0.05287	vec00633	0.05287	vec00641	0.05055	vec00610	0.04862	vec00118	0.03599	vec00687	0.03155	vec00027	0.02907	vec01758	0.02681	vec01231	0.02674	vec00031	0.02621	vec00432	0.02578
v41erA	1	0.05662	vec01970	0.05662	vec00810	0.05619	vec00625	0.04073	vec01103	0.03311	vec00790	0.03271	vec00117	0.02894	vec00163	0.02797	vec00161	0.02771	vec00729	0.02696	vec00557	0.02588
v41jsAU	3	0.05732	vec01465	0.05732	vec00811	0.04903	vec01518	0.04069	vec00071	0.03216	vec01214	0.02504	vec00390	0.0222	vec00227	0.01924	vec00218	0.01589	vec00812	0.01582	vec00679	0.01564
v41iqA	2	0.05768	vec00117	0.05768	vec00145	0.05155	vec00818	0.04634	vec00055	0.04191	vec00886	0.03944	vec00623	0.03647	vec01039	0.03615	vec01216	0.03494	vec01200	0.03446	vec00301	0.02707
v41jsCI	1	0.05809	vec01455	0.05809	vec00766	0.05309	vec01631	0.0512	vec00334	0.0404	vec00634	0.03535	vec00135	0.03347	vec01192	0.02838	vec00964	0.02827	vec00486	0.02802	vec00688	0.02761
v41jsU	19580	0.05829	vec00017	0.05829	vec00394	0.0365	vec00245	0.02933	vec00199	0.02811	vec00042	0.02806	vec00323	0.02718	vec00097	0.02464	vec00579	0.01956	vec00317	0.01941	vec00308	0.01793
v41jsX	1	0.05836	vec00483	0.05836	vec01455	0.03626	vec00063	0.02503	vec01322	0.02197	vec01141	0.02003	vec00884	0.0193	vec00069	0.01916	vec01015	0.01877	vec01229	0.01849	vec00169	0.01807
v41jsEL	5	0.05845	vec01662	0.05845	vec00372	0.05783	vec00789	0.05155	vec00740	0.04574	vec00196	0.04326	vec00547	0.04008	vec00757	0.03944	vec01752	0.03387	vec00032	0.02524	vec01115	0.02343
v41jsER	21	0.05948	vec01523	0.05948	vec00125	0.04203	vec00323	0.01908	vec01203	0.01732	vec00199	0.01608	vec00812	0.01558	vec00127	0.01469	vec00469	0.01447	vec00317	0.01405	vec00258	0.01153
v41jsDA	1	0.06047	vec00199	0.06047	vec00579	0.05939	vec00012	0.03294	vec00394	0.03177	vec00323	0.02994	vec01623	0.02959	vec01206	0.02591	vec00245	0.0247	vec00227	0.02289	vec01258	0.02284
v41jsG	33	0.06082	vec01455	0.06082	vec00696	0.03577	vec01631	0.02238	vec00212	0.02214	vec00432	0.02111	vec00017	0.01826	vec00042	0.01779	vec01458	0.01764	vec01813	0.01754	vec00556	0.0173
v41icA	1	0.06102	vec00503	0.06102	vec01206	0.06068	vec01727	0.04695	vec00610	0.04102	vec01854	0.03414	vec01585	0.02734	vec00490	0.0267	vec00739	0.02662	vec01549	0.02569	vec00179	0.0242
v41jsCH	28	0.06158	vec00483	0.06158	vec00374	0.04782	vec00017	0.03387	vec01623	0.03064	vec00313	0.01883	vec00031	0.01867	vec00245	0.01757	vec00419	0.01668	vec00218	0.01625	vec01458	0.01511
v41jsJ	1	0.06336	vec01568	0.06336	vec01113	0.05119	vec00226	0.04638	vec00432	0.04214	vec00766	0.0388	vec00031	0.03478	vec01491	0.0335	vec01782	0.03127	vec01347	0.03079	vec01500	0.0304
v41gxC	1	0.06454	vec00608	0.06454	vec01614	0.06003	vec01820	0.04741	vec00995	0.03634	vec01290	0.03041	vec01523	0.0271	vec00562	0.02604	vec01073	0.02195	vec01508	0.02186	vec00625	0.01969
v41jsCO	3	0.06468	vec01115	0.06468	vec00467	0.03944	vec00599	0.03857	vec00199	0.02644	vec00707	0.026	vec00622	0.02472	vec00153	0.02428	vec01744	0.02192	vec01475	0.02073	vec01162	0.02047
v41jsAQ	1	0.06557	vec01682	0.06557	vec01630	0.05601	vec00199	0.05087	vec00132	0.05048	vec00205	0.04785	vec00812	0.03768	vec00014	0.03279	vec01110	0.02928	vec01133	0.02922	vec01308	0.02901
v41jsBB	29	0.0665	vec00574	0.0665	vec00317	0.05426	vec00069	0.0412	vec00199	0.03385	vec01547	0.03191	vec01662	0.03069	vec00812	0.02632	vec00334	0.02444	vec01646	0.02081	vec00226	0.01899
v41czA	1	0.06724	vec00710	0.06724	vec00833	0.04549	vec00522	0.04314	vec00318	0.03439	vec00055	0.02717	vec01369	0.02268	vec01103	0.02264	vec01132	0.02216	vec00626	0.02125	vec01490	0.02118
v41jsEY	1	0.06831	vec00547	0.06831	vec01547	0.04778	vec00574	0.04009	vec00739	0.03222	vec01133	0.03103	vec00380	0.0301	vec01377	0.02925	vec00221	0.02922	vec01976	0.02852	vec00883	0.0249
v41ftB	1	0.06835	vec00671	0.06835	vec01110	0.06757	vec00633	0.06699	vec00922	0.0626	vec01924	0.05716	vec00381	0.04278	vec00817	0.03977	vec01584	0.03968	vec01044	0.03474	vec00742	0.03093
v41jsI	1	0.06996	vec01943	0.06996	vec01584	0.06778	vec01206	0.05516	vec01709	0.04728	vec01458	0.04566	vec01771	0.04165	vec01213	0.04149	vec01763	0.04062	vec00972	0.03696	vec00432	0.0363
v41jsAD	40	0.07024	vec00180	0.07024	vec00547	0.06767	vec00199	0.0309	vec00226	0.02894	vec00380	0.02705	vec01570	0.02607	vec00812	0.0203	vec00013	0.01976	vec01547	0.01961	vec00574	0.01869
v41jsCB	1	0.07052	vec00199	0.07052	vec00659	0.04903	vec00380	0.04365	vec01044	0.04334	vec00231	0.04322	vec00381	0.03948	vec00742	0.03924	vec00634	0.0362	vec01558	0.03061	vec01070	0.02732
v41jsCV	1	0.07086	vec01682	0.07086	vec00608	0.06838	vec00135	0.05637	vec01924	0.04972	vec01631	0.04666	vec01070	0.04369	vec01523	0.04156	vec00380	0.03942	vec00254	0.0357	vec01455	0.03437
v41jsEI	2	0.07139	vec00226	0.07139	vec00381	0.06787	vec01320	0.03651	vec01523	0.03451	vec00576	0.03193	vec00589	0.0312	vec01631	0.03117	vec00665	0.02629	vec01910	0.0253	vec00286	0.0244
v41jsAN	1	0.07143	vec01133	0.07143	vec01940	0.0697	vec01630	0.058	vec01209	0.05214	vec00667	0.04954	vec01308	0.04255	vec00812	0.03947	vec00019	0.03824	vec00341	0.0307	vec01385	0.02909
v41kjA	1	0.07227	vec00859	0.07227	vec01372	0.04426	vec00729	0.03584	vec00106	0.03015	vec01403	0.02873	vec00298	0.02849	vec00356	0.02694	vec00276	0.0269	vec00021	0.02501	vec00979	0.02042
v41jsY	12	0.07351	vec00113	0.07351	vec00097	0.02587	vec00812	0.02324	vec00810	0.02077	vec01570	0.01964	vec00198	0.01934	vec00873	0.01924	vec00633	0.01923	vec01885	0.01918	vec00575	0.01852
v41jsAJ	1	0.07377	vec00607	0.07377	vec00849	0.0373	vec00022	0.02906	vec01244	0.02502	vec01764	0.02448	vec00783	0.02167	vec00558	0.02061	vec00574	0.0206	vec00303	0.02042	vec00063	0.01954
v41jsEK	3	0.07416	vec00199	0.07416	vec00017	0.04584	vec00524	0.04083	vec00226	0.03323	vec00583	0.03092	vec00063	0.02422	vec01176	0.01674	vec01206	0.01526	vec00812	0.01502	vec01656	0.01447
v41irA	1	0.07757	vec00145	0.07757	vec01200	0.04396	vec01489	0.03898	vec01753	0.03864	vec00372	0.03765	vec01699	0.0372	vec01342	0.03538	vec01824	0.03432	vec01810	0.03294	vec01565	0.03111
v41jsCG	1	0.07864	vec00231	0.07864	vec00381	0.05888	vec00717	0.05486	vec00750	0.04987	vec00760	0.0474	vec00164	0.03496	vec01523	0.0326	vec00633	0.02573	vec01210	0.02549	vec00032	0.02457
v41jsBZ	1	0.07988	vec01523	0.07988	vec00370	0.04587	vec00231	0.04002	vec00766	0.03588	vec00524	0.03028	vec00091	0.02542	vec01568	0.02109	vec01050	0.01855	vec01012	0.01824	vec00242	0.01678
v41jsBN	1	0.0799	vec00199	0.0799	vec01591	0.04697	vec00766	0.04536	vec00789	0.04422	vec00153	0.03948	vec00164	0.03337	vec01115	0.03172	vec00575	0.02985	vec00524	0.02946	vec01745	0.02731
v41coA	1	0.07991	vec01178	0.07991	vec00723	0.06691	vec01906	0.04208	vec00696	0.0351	vec00097	0.03346	vec00821	0.0322	vec00360	0.02891	vec01480	0.02845	vec00212	0.0279	vec01577	0.02631
v41jsEE	2	0.08102	vec01183	0.08102	vec01940	0.06283	vec00671	0.04869	vec00958	0.04553	vec01376	0.03858	vec01647	0.03842	vec01914	0.03646	vec00589	0.03458	vec00972	0.03072	vec01693	0.03008
v41jsDW	1	0.08129	vec00812	0.08129	vec00199	0.06939	vec00221	0.0511	vec00742	0.0498	vec01744	0.04053	vec01632	0.04051	vec00524	0.03989	vec00576	0.03781	vec00703	0.03315	vec00583	0.02828
v41zA	1	0.08133	vec01547	0.08133	vec00272	0.0659	vec01671	0.04951	vec00276	0.04561	vec00057	0.04203	vec00117	0.02933	vec01923	0.0251	vec01646	0.02319	vec00050	0.0209	vec00744	0.01767
v41jsCJ	1	0.08195	vec01523	0.08195	vec00766	0.0409	vec00370	0.03318	vec00770	0.02864	vec01718	0.02632	vec00245	0.02556	vec00911	0.02412	vec01940	0.0222	vec01086	0.02193	vec01773	0.02102
v41jsBG	1	0.08246	vec00419	0.08246	vec00381	0.03464	vec00132	0.02876	vec00164	0.02475	vec01631	0.02455	vec00659	0.02352	vec01026	0.0224	vec01545	0.02169	vec01234	0.01996	vec00575	0.01979
v41giA	2	0.08334	vec00703	0.08334	vec00875	0.07365	vec01753	0.05152	vec01940	0.04729	vec00922	0.04597	vec01336	0.0459	vec00742	0.04062	vec01266	0.04018	vec01219	0.03842	vec01367	0.03419
v41jsDJ	1	0.08359	vec00199	0.08359	vec00394	0.05609	vec01623	0.05308	vec00579	0.03382	vec01055	0.02878	vec00811	0.02479	vec01336	0.02338	vec01523	0.02254	vec01506	0.02214	vec00323	0.02095
v41onA	2	0.0845	vec00875	0.0845	vec01727	0.05323	vec00958	0.04991	vec01200	0.04396	vec00145	0.0439	vec00942	0.0418	vec01654	0.03865	vec01924	0.03858	vec00185	0.0382	vec00674	0.03804
v41hsQ	2	0.08476	vec00609	0.08476	vec00613	0.07064	vec00188	0.06416	vec01210	0.03981	vec00126	0.03901	vec00231	0.03637	vec00286	0.03443	vec00096	0.03257	vec01122	0.0301	vec00646	0.02501
v41egA	1	0.08769	vec00875	0.08769	vec00922	0.0875	vec01085	0.06523	vec01566	0.06014	vec00817	0.05627	vec01216	0.05397	vec01623	0.05212	vec00833	0.04901	vec00685	0.04113	vec00665	0.03901
v41jsEA	2	0.0883	vec01369	0.0883	vec01885	0.06621	vec00323	0.04371	vec01506	0.04119	vec01630	0.03898	vec01040	0.03835	vec01055	0.03816	vec00575	0.03643	vec00922	0.03548	vec00524	0.02778
v41jsB	22	0.08842	vec00164	0.08842	vec00381	0.03224	vec01491	0.0307	vec00086	0.02681	vec00782	0.02511	vec00011	0.02336	vec00633	0.02123	vec00002	0.01992	vec00141	0.01933	vec00199	0.01884
v41jsEQ	1	0.09077	vec00381	0.09077	vec01361	0.08211	vec00032	0.05529	vec01234	0.05438	vec01290	0.04029	vec00270	0.03674	vec00194	0.03338	vec01746	0.03152	vec01333	0.03123	vec00201	0.03017
v41jsDV	2	0.09109	vec00013	0.09109	vec00195	0.05607	vec01455	0.03836	vec00341	0.03119	vec01169	0.03022	vec00226	0.02569	vec00221	0.02435	vec00086	0.02431	vec01984	0.02362	vec01458	0.02234
v41jsEJ	2	0.09215	vec00443	0.09215	vec01458	0.04539	vec00314	0.04245	vec00771	0.02617	vec00013	0.02344	vec00226	0.01924	vec01228	0.01749	vec01341	0.01748	vec00432	0.01662	vec00097	0.01555
v41gmB	13	0.09609	vec00964	0.09609	vec00766	0.04399	vec00689	0.04392	vec00257	0.0425	vec00338	0.03239	vec00688	0.02808	vec01631	0.0254	vec01491	0.02374	vec00352	0.02227	vec01169	0.02215
v41jsEG	1	0.0962	vec00766	0.0962	vec00017	0.03058	vec00524	0.02789	vec00245	0.02563	vec00097	0.02326	vec00069	0.02139	vec00964	0.0205	vec00314	0.02049	vec01393	0.01878	vec01103	0.01868
v41jsV	413	0.09712	vec01545	0.09712	vec01619	0.05481	vec00086	0.04283	vec00381	0.03721	vec00313	0.03539	vec00141	0.02684	vec00082	0.02591	vec00203	0.0213	vec01254	0.02119	vec00303	0.02005
v41fdF	5	0.09773	vec00097	0.09773	vec00261	0.05759	vec00221	0.03917	vec01568	0.03715	vec00227	0.02904	vec01347	0.0275	vec00358	0.01998	vec00218	0.01847	vec01085	0.01774	vec01566	0.01744
v41jsN	8	0.09846	vec00180	0.09846	vec00520	0.08133	vec01231	0.06281	vec00812	0.02431	vec01547	0.02192	vec01466	0.01976	vec00072	0.01854	vec00226	0.01599	vec01176	0.01561	vec00031	0.01514
v41aA	13	0.0988	vec00206	0.0988	vec00166	0.0288	vec00356	0.02561	vec00735	0.02318	vec01576	0.01764	vec00520	0.01297	vec00250	0.01281	vec01583	0.01264	vec01169	0.01236	vec00070	0.01229
v41nrB	3	0.0992	vec01290	0.0992	vec00272	0.08111	vec01221	0.05354	vec00488	0.03585	vec00586	0.02323	vec00347	0.01941	vec00079	0.01903	vec00752	0.01803	vec00120	0.01586	vec00994	0.01563
v41jsCD	3	0.09942	vec01229	0.09942	vec00848	0.02995	vec00687	0.02971	vec00199	0.02965	vec00483	0.02445	vec00657	0.02275	vec00017	0.0221	vec00169	0.02155	vec01623	0.01962	vec00205	0.01906
v41lyA	1	0.10007	vec00922	0.10007	vec01219	0.08861	vec00145	0.07955	vec01491	0.06924	vec00942	0.047	vec01043	0.04615	vec00833	0.04048	vec01587	0.03266	vec01038	0.0326	vec01940	0.03252
v41jsDG	1	0.10091	vec00634	0.10091	vec00280	0.04835	vec00586	0.0365	vec00766	0.03172	vec00115	0.02869	vec01433	0.02663	vec00580	0.02636	vec00972	0.02498	vec00436	0.02288	vec01419	0.02231
v41jsDD	1	0.10091	vec00547	0.10091	vec00740	0.03142	vec00164	0.02549	vec00789	0.02451	vec00884	0.02225	vec01265	0.02183	vec00196	0.02002	vec00576	0.01945	vec00257	0.01858	vec00243	0.01853
v41jsEZ	1	0.10136	vec00199	0.10136	vec00226	0.05534	vec00603	0.0504	vec00380	0.04882	vec01693	0.04804	vec01500	0.04635	vec00579	0.04513	vec00175	0.03898	vec00095	0.03848	vec00524	0.03543
v41lkA	1	0.10187	vec00972	0.10187	vec01804	0.07788	vec01572	0.07356	vec00179	0.06855	vec00040	0.06205	vec00417	0.05683	vec00606	0.05054	vec00012	0.04899	vec01490	0.04861	vec00185	0.04349
v41lsA	1	0.10188	vec01356	0.10188	vec00668	0.05536	vec01822	0.04938	vec01839	0.04439	vec01500	0.04212	vec00406	0.03629	vec01727	0.03471	vec00958	0.02995	vec01304	0.02949	vec01919	0.02887
v41jsEW	5	0.10193	vec01203	0.10193	vec00245	0.02706	vec00705	0.02481	vec00372	0.02429	vec00097	0.02288	vec00302	0.02257	vec00323	0.02031	vec01458	0.01798	vec00042	0.01676	vec00775	0.01615
v41ooA	1	0.10204	vec00899	0.10204	vec01953	0.05635	vec00841	0.04771	vec00735	0.04667	vec01907	0.04493	vec01182	0.04211	vec01067	0.04028	vec01912	0.03852	vec00372	0.03453	vec01496	0.03422
v41juJ	1	0.10256	vec00199	0.10256	vec01813	0.04767	vec00005	0.03084	vec00197	0.02665	vec00097	0.02663	vec00006	0.02562	vec01169	0.02329	vec01591	0.02284	vec00338	0.02176	vec00381	0.02074
v41jsEF	2	0.10261	vec01229	0.10261	vec01396	0.05674	vec00633	0.04606	vec00169	0.04058	vec00677	0.02735	vec00766	0.02449	vec00145	0.02359	vec01535	0.0223	vec01665	0.02207	vec00226	0.02161
v41haA	2	0.10286	vec01305	0.10286	vec00113	0.0877	vec00597	0.06457	vec01608	0.06309	vec01103	0.05343	vec01744	0.05335	vec00681	0.04116	vec00626	0.03953	vec01512	0.03602	vec00467	0.02614
v41hsS	1	0.10351	vec01200	0.10351	vec00958	0.0824	vec01664	0.07261	vec00633	0.06455	vec00042	0.06298	vec00713	0.05759	vec01804	0.05487	vec01912	0.05449	vec00135	0.04684	vec00668	0.04469
v41jsBK	1	0.10359	vec01587	0.10359	vec00864	0.07521	vec00812	0.05079	vec01693	0.0383	vec01940	0.03794	vec00633	0.03154	vec01682	0.02867	vec01162	0.02781	vec00667	0.02598	vec00867	0.02584
v41jsO	1228	0.1064	vec01737	0.1064	vec00199	0.03471	vec00524	0.01958	vec00097	0.01937	vec00821	0.01861	vec00013	0.01636	vec01813	0.01447	vec00005	0.01447	vec00740	0.01444	vec00323	0.01426
v41jsBF	1	0.1068	vec00810	0.1068	vec00483	0.09821	vec00419	0.08762	vec01176	0.04497	vec00583	0.03841	vec00886	0.03537	vec01458	0.02591	vec01570	0.01919	vec00755	0.01801	vec00812	0.01641
v41jsQ	89	0.10854	vec00153	0.10854	vec00199	0.04002	vec01644	0.03588	vec00381	0.01906	vec01591	0.018	vec00231	0.01647	vec00633	0.01504	vec01169	0.01493	vec00006	0.01467	vec00221	0.0134
v41fkD	2	0.10856	vec00426	0.10856	vec01196	0.05283	vec01348	0.05164	vec01486	0.04896	vec00942	0.03924	vec01195	0.03463	vec00631	0.03276	vec01874	0.03012	vec00038	0.0264	vec00279	0.02547
v41jsCN	1	0.1104	vec00226	0.1104	vec00314	0.05855	vec00586	0.03995	vec00169	0.03797	vec01591	0.02701	vec01630	0.02565	vec01146	0.02317	vec01040	0.02314	vec01985	0.02264	vec00042	0.02056
v41lsB	1	0.11071	vec01849	0.11071	vec00957	0.10142	vec01356	0.07856	vec00919	0.07521	vec00589	0.06964	vec00380	0.05491	vec00407	0.05429	vec00146	0.05021	vec01712	0.04731	vec01840	0.0433
v41hsL	12	0.11235	vec00532	0.11235	vec01474	0.08225	vec00704	0.07413	vec01585	0.06262	vec00613	0.06008	vec00677	0.04601	vec00172	0.04485	vec01491	0.03601	vec01004	0.02582	vec00242	0.02307
v41jsCW	1	0.1157	vec00017	0.1157	vec00226	0.0947	vec00317	0.05791	vec00381	0.05166	vec00245	0.04551	vec00403	0.03934	vec00199	0.03681	vec00341	0.03216	vec00911	0.03091	vec01633	0.03074
v41jsEP	2	0.1173	vec00086	0.1173	vec00381	0.11577	vec00141	0.04963	vec00201	0.02997	vec01333	0.02349	vec01361	0.02333	vec00665	0.02204	vec01657	0.02182	vec00469	0.01925	vec00017	0.01922
v41jsDX	2	0.11736	vec00199	0.11736	vec01018	0.02885	vec01376	0.01882	vec01382	0.01776	vec00444	0.01769	vec01055	0.01662	vec00017	0.01654	vec00291	0.01618	vec01745	0.01596	vec00992	0.01481
v41nbA	1	0.11755	vec00145	0.11755	vec01310	0.10545	vec00679	0.08492	vec00717	0.0693	vec01367	0.06693	vec00633	0.06313	vec01371	0.05983	vec00922	0.05653	vec00867	0.0497	vec00794	0.04879
v41jsAK	4	0.1179	vec00717	0.1179	vec01070	0.02648	vec00760	0.02634	vec01682	0.02494	vec00750	0.02232	vec00380	0.02224	vec01210	0.02114	vec01044	0.02037	vec00958	0.01946	vec00886	0.01792
v41keB	24	0.11805	vec00675	0.11805	vec01955	0.09481	vec00322	0.09062	vec00742	0.03905	vec00032	0.03328	vec00082	0.02015	vec00159	0.01983	vec00303	0.01964	vec00402	0.01964	vec01703	0.01536
v41jsD	14	0.11866	vec00017	0.11866	vec00381	0.0305	vec00317	0.02652	vec00483	0.02434	vec00226	0.02342	vec01290	0.01939	vec00589	0.01886	vec01545	0.0185	vec00153	0.01837	vec00199	0.0171
v41jyB	1	0.11917	vec01250	0.11917	vec01184	0.10618	vec01970	0.09877	vec00024	0.09609	vec01515	0.09032	vec01178	0.08935	vec01370	0.08623	vec00958	0.07337	vec00252	0.07332	vec00791	0.07255
v41hsAB	5	0.11921	vec01003	0.11921	vec00013	0.0851	vec00341	0.07733	vec01166	0.06081	vec00096	0.03246	vec00078	0.03021	vec00241	0.02676	vec00060	0.02612	vec00503	0.02324	vec00613	0.02097
v41neC	1	0.12089	vec01584	0.12089	vec01638	0.10792	vec00365	0.06731	vec00610	0.06169	vec01552	0.05932	vec01451	0.05545	vec00648	0.05234	vec01104	0.05159	vec00684	0.05152	vec01449	0.05101
v41ezA	3	0.12447	vec00084	0.12447	vec00899	0.0507	vec01726	0.04625	vec01939	0.03221	vec00024	0.02675	vec00121	0.02634	vec00075	0.02534	vec01490	0.02505	vec00923	0.02459	vec00884	0.02335
v41jsDO	1	0.12468	vec00067	0.12468	vec01458	0.07362	vec00313	0.04633	vec00613	0.03414	vec00301	0.03258	vec00226	0.03108	vec01547	0.0303	vec00017	0.0293	vec00579	0.02872	vec01206	0.02719
v41jsAH	5	0.12677	vec00120	0.12677	vec01308	0.12122	vec01320	0.09686	vec00069	0.07937	vec00318	0.06632	vec00199	0.05218	vec01296	0.02623	vec00522	0.02393	vec01602	0.02327	vec01547	0.01945
v41jsED	3	0.12684	vec01115	0.12684	vec00439	0.11043	vec00199	0.08931	vec00812	0.06913	vec01475	0.0487	vec01162	0.03707	vec00153	0.02244	vec01133	0.02042	vec01984	0.01876	vec00524	0.01724
v41ozA	3	0.13104	vec01110	0.13104	vec01035	0.08501	vec00503	0.04672	vec01196	0.04386	vec01614	0.03539	vec01466	0.03337	vec00145	0.0314	vec01653	0.03066	vec01816	0.03037	vec00679	0.02883
v41jsCF	3	0.13455	vec00125	0.13455	vec01356	0.11657	vec00757	0.04174	vec00169	0.03115	vec00532	0.02901	vec01840	0.02876	vec01799	0.02693	vec01576	0.02513	vec01159	0.02103	vec00098	0.01957
v41dxA	1	0.13462	vec00599	0.13462	vec00198	0.12353	vec00942	0.03265	vec01422	0.02322	vec01744	0.01999	vec00179	0.01986	vec01630	0.01701	vec00597	0.01671	vec00540	0.0162	vec00113	0.01567
v41juK	3	0.13624	vec00199	0.13624	vec00006	0.09092	vec00524	0.02206	vec00381	0.02164	vec00245	0.01961	vec00153	0.01912	vec01591	0.01842	vec00097	0.01832	vec00761	0.01783	vec00017	0.01778
v41lzA	1	0.13699	vec01940	0.13699	vec00622	0.13501	vec01587	0.06446	vec01654	0.0495	vec01071	0.03961	vec00390	0.03946	vec01556	0.03945	vec01630	0.03611	vec01924	0.03608	vec00958	0.03284
v41paA	1	0.13743	vec01940	0.13743	vec00679	0.13408	vec00145	0.10822	vec01043	0.10472	vec01110	0.08752	vec01549	0.05551	vec01858	0.04471	vec00132	0.04275	vec00958	0.04115	vec01301	0.04096
v41efA	3	0.13906	vec01584	0.13906	vec01491	0.08641	vec00674	0.08115	vec00958	0.06732	vec01727	0.06011	vec01200	0.05547	vec00800	0.04644	vec01924	0.03748	vec00196	0.03456	vec01608	0.03344
v41jsCS	1	0.14033	vec00381	0.14033	vec00199	0.08097	vec01518	0.07487	vec01523	0.05455	vec00226	0.05177	vec00524	0.04666	vec01520	0.04212	vec00317	0.04033	vec01662	0.04009	vec00789	0.03555
v41miA	1	0.14282	vec00872	0.14282	vec00603	0.03584	vec00752	0.03087	vec00735	0.02838	vec00899	0.02003	vec00540	0.01962	vec01921	0.01882	vec00162	0.01843	vec01965	0.01806	vec00022	0.01607
v41jxA	4	0.14408	vec01056	0.14408	vec01529	0.07881	vec01489	0.07715	vec01398	0.07439	vec01945	0.0634	vec00633	0.06281	vec01009	0.06197	vec01114	0.05743	vec00426	0.05659	vec00959	0.04721
v41jzA	1	0.14488	vec00832	0.14488	vec00031	0.12675	vec01839	0.09293	vec00149	0.06866	vec01333	0.06813	vec01200	0.06784	vec01489	0.05148	vec01290	0.05139	vec01353	0.04716	vec01264	0.0412
v41jwA	1	0.15076	vec01216	0.15076	vec01371	0.10704	vec01069	0.08569	vec01679	0.06225	vec01863	0.05218	vec01524	0.04891	vec01525	0.04044	vec01584	0.0358	vec00922	0.03368	vec01850	0.03326
v41mdA	1	0.15291	vec00610	0.15291	vec01789	0.06729	vec01654	0.06011	vec01219	0.05712	vec01608	0.05402	vec01777	0.05265	vec01549	0.04617	vec01517	0.03608	vec01852	0.03605	vec00995	0.03592
v41fwA	1	0.15459	vec01056	0.15459	vec01529	0.11911	vec01353	0.07744	vec01489	0.05109	vec00132	0.04685	vec01666	0.03854	vec00633	0.03361	vec00674	0.03217	vec01398	0.02978	vec00750	0.02844
v41jsAR	13	0.15499	vec00031	0.15499	vec00199	0.12687	vec00307	0.03839	vec00689	0.01631	vec00017	0.01624	vec00812	0.01589	vec00575	0.01539	vec01534	0.01353	vec01477	0.01282	vec00403	0.01165
v41moA	2	0.15704	vec00418	0.15704	vec00760	0.08832	vec01791	0.06498	vec00717	0.06066	vec01847	0.05807	vec00958	0.05583	vec00710	0.03556	vec01216	0.03461	vec00380	0.03004	vec00819	0.02978
v41esA	2	0.15953	vec00610	0.15953	vec01458	0.15393	vec00665	0.06376	vec01630	0.05489	vec01555	0.04667	vec01927	0.03747	vec01940	0.03476	vec00503	0.03344	vec00811	0.02888	vec00958	0.02551
v41jsF	3	0.1597	vec00153	0.1597	vec00231	0.04737	vec00164	0.03586	vec00483	0.02944	vec00419	0.02552	vec00250	0.02403	vec00381	0.02385	vec01523	0.02066	vec00199	0.01875	vec01745	0.01814
v41jsCE	19	0.16226	vec00154	0.16226	vec01545	0.03771	vec00017	0.03613	vec00199	0.0318	vec00226	0.02313	vec00317	0.02191	vec01169	0.01932	vec00097	0.01431	vec00869	0.01379	vec00483	0.01303
v41jsDI	2	0.16258	vec00314	0.16258	vec00221	0.03223	vec01458	0.02912	vec00821	0.02408	vec00524	0.02155	vec00226	0.02144	vec01830	0.02003	vec01912	0.01991	vec00108	0.01904	vec00911	0.01796
v41nfA	1	0.16271	vec01451	0.16271	vec01678	0.13128	vec01606	0.12456	vec01638	0.1228	vec01552	0.11619	vec01449	0.0948	vec01699	0.078	vec00879	0.07452	vec01609	0.07344	vec00524	0.05211
v41joA	1168	0.16357	vec01055	0.16357	vec00394	0.15818	vec01577	0.14323	vec00308	0.12944	vec01611	0.10081	vec00600	0.09583	vec00031	0.01943	vec00575	0.01814	vec00822	0.0145	vec00518	0.01429
v41nqA	5	0.16381	vec00225	0.16381	vec01692	0.10645	vec00089	0.09268	vec00054	0.06404	vec01631	0.06033	vec00153	0.03151	vec01458	0.03075	vec01493	0.02919	vec00365	0.0275	vec00009	0.02463
v41dmA	1	0.16553	vec00132	0.16553	vec01489	0.07797	vec01976	0.07549	vec01209	0.07263	vec01043	0.0631	vec00760	0.041	vec01630	0.02908	vec01310	0.02567	vec01216	0.02322	vec00149	0.02246
v41hsM	20	0.16596	vec00369	0.16596	vec00704	0.08061	vec00172	0.06306	vec01585	0.04737	vec01491	0.04545	vec00106	0.04365	vec00613	0.04266	vec00532	0.03836	vec00505	0.03145	vec00648	0.02358
v41jsAL	1	0.1669	vec00314	0.1669	vec01458	0.1202	vec01813	0.0325	vec01631	0.02829	vec01169	0.02811	vec00032	0.02695	vec00221	0.02405	vec01455	0.02071	vec00740	0.02054	vec01808	0.02021
v41jsAT	6	0.16969	vec00031	0.16969	vec00307	0.06461	vec00226	0.02544	vec01458	0.0249	vec00221	0.02164	vec00328	0.02035	vec00097	0.01879	vec01591	0.01668	vec00838	0.01647	vec00812	0.01614
v41dkA	1	0.17092	vec00992	0.17092	vec01146	0.14604	vec00657	0.12595	vec01594	0.09561	vec01500	0.0878	vec01038	0.08215	vec00365	0.07682	vec00380	0.07565	vec01488	0.06064	vec00185	0.05237
v41jgA	1	0.17169	vec00097	0.17169	vec01518	0.08076	vec00017	0.06012	vec00970	0.04404	vec00113	0.03852	vec00812	0.03699	vec01633	0.03534	vec00201	0.0312	vec00381	0.03096	vec01899	0.02816
v41mjA	1	0.17255	vec00126	0.17255	vec01810	0.11896	vec00677	0.09451	vec01817	0.09161	vec00185	0.09067	vec01615	0.07759	vec01491	0.07014	vec00615	0.0652	vec01038	0.06439	vec00713	0.06412
v41hsAJ	1	0.17371	vec00013	0.17371	vec00613	0.13819	vec01491	0.11286	vec00677	0.06555	vec01631	0.05736	vec01256	0.05697	vec01007	0.05368	vec00117	0.05262	vec00057	0.04739	vec00586	0.047
v41jsES	1	0.17374	vec01209	0.17374	vec00017	0.03564	vec01545	0.03475	vec00032	0.02125	vec00381	0.02011	vec00013	0.0146	vec00589	0.014	vec01940	0.01341	vec01361	0.01297	vec00233	0.01162
v41kdB	11	0.17433	vec00322	0.17433	vec00675	0.13756	vec00402	0.09704	vec00159	0.06656	vec00032	0.02056	vec00757	0.01639	vec00169	0.0155	vec01545	0.01148	vec00078	0.01096	vec00916	0.01094
v41maA	1	0.17439	vec01216	0.17439	vec00875	0.07882	vec01491	0.05581	vec00817	0.04824	vec01567	0.04474	vec01899	0.04377	vec00631	0.04342	vec00196	0.04221	vec00205	0.03775	vec01287	0.03668
v41njA	1	0.17976	vec00918	0.17976	vec01038	0.05887	vec01371	0.05825	vec01810	0.05563	vec00055	0.04245	vec00875	0.04127	vec00838	0.04085	vec00631	0.04061	vec01899	0.03569	vec01071	0.03441
v41jsBV	14	0.18023	vec01229	0.18023	vec00199	0.03452	vec00017	0.02906	vec00586	0.01899	vec00108	0.01818	vec00189	0.01806	vec01315	0.01548	vec01376	0.01529	vec00169	0.01467	vec01322	0.01288
v41jsDZ	3	0.1812	vec00199	0.1812	vec00153	0.18106	vec00231	0.03401	vec00381	0.02896	vec00204	0.02277	vec01591	0.02089	vec00812	0.02025	vec00055	0.01974	vec01458	0.017	vec00960	0.01648
v41jsAO	1	0.18173	vec01940	0.18173	vec00679	0.1123	vec01549	0.06995	vec01813	0.06939	vec01587	0.05433	vec01709	0.03575	vec00390	0.03493	vec01914	0.0304	vec00243	0.02968	vec01682	0.02682
v41jsBP	3	0.1833	vec00218	0.1833	vec00579	0.10922	vec00042	0.07686	vec00323	0.03079	vec01577	0.02801	vec00394	0.02632	vec00227	0.02622	vec01458	0.01655	vec00245	0.01505	vec00199	0.01431
v41jpA	8	0.1887	vec00394	0.1887	vec01055	0.15089	vec01577	0.14429	vec00308	0.12436	vec01611	0.10843	vec00600	0.09523	vec00031	0.01683	vec00575	0.01659	vec00822	0.01536	vec00685	0.0143
v41hsR	1	0.1905	vec00613	0.1905	vec00704	0.18759	vec00532	0.15459	vec00648	0.11244	vec01474	0.10766	vec01491	0.09815	vec00677	0.06418	vec01585	0.04005	vec00035	0.03641	vec01007	0.03337
v41fsA	1	0.19255	vec01192	0.19255	vec00707	0.09643	vec00671	0.07972	vec00657	0.06674	vec00736	0.06221	vec01654	0.05769	vec00608	0.05565	vec01890	0.04801	vec01614	0.04699	vec00958	0.04471
v41jsDT	2	0.19308	vec00017	0.19308	vec00245	0.04938	vec00199	0.0493	vec00317	0.0423	vec00812	0.02822	vec00226	0.02741	vec00524	0.02656	vec01693	0.02308	vec00031	0.0227	vec00323	0.0189
v41jsEO	1	0.19564	vec00633	0.19564	vec01682	0.06865	vec01265	0.06511	vec00958	0.06369	vec01924	0.05741	vec00381	0.04512	vec00687	0.04446	vec01536	0.04344	vec01231	0.04234	vec00812	0.04116
v41jsCQ	1	0.19805	vec01390	0.19805	vec01001	0.12876	vec00199	0.08838	vec01229	0.0613	vec00097	0.04824	vec01386	0.03424	vec01012	0.03215	vec00095	0.02494	vec00079	0.02359	vec00892	0.02304
v41hsF	3	0.1987	vec00648	0.1987	vec01585	0.1578	vec00505	0.13281	vec00704	0.12572	vec00613	0.07725	vec01491	0.06558	vec00172	0.04358	vec01164	0.0401	vec00532	0.03096	vec00013	0.02602
v41jsEC	8	0.2015	vec00226	0.2015	vec00112	0.03344	vec00169	0.03	vec00104	0.02983	vec00199	0.02948	vec01500	0.02517	vec00818	0.0206	vec00063	0.0198	vec00317	0.01906	vec00121	0.01795
v41jsAW	1	0.20179	vec00717	0.20179	vec00760	0.07677	vec00231	0.04742	vec00322	0.03228	vec01070	0.03108	vec01210	0.02992	vec00750	0.02654	vec01591	0.02572	vec01115	0.02178	vec01523	0.02143
v41eqE	4	0.20268	vec01085	0.20268	vec00227	0.1303	vec01568	0.05655	vec00881	0.05239	vec00882	0.04778	vec01566	0.03238	vec00949	0.02752	vec00623	0.02728	vec01367	0.02542	vec00685	0.02432
v41jsDH	1	0.20322	vec01236	0.20322	vec00645	0.12125	vec00896	0.07416	vec00637	0.06384	vec00931	0.04672	vec01197	0.04631	vec01251	0.0323	vec00817	0.03205	vec00389	0.03064	vec01240	0.02956
v41jsK	6	0.20329	vec00006	0.20329	vec00153	0.09549	vec00199	0.04397	vec00097	0.04163	vec00089	0.01874	vec00416	0.01715	vec01115	0.01554	vec00134	0.01525	vec01133	0.01433	vec01466	0.01354
v41jsA	4	0.20669	vec00153	0.20669	vec00199	0.08963	vec00381	0.04817	vec00164	0.02555	vec00226	0.02347	vec00812	0.02198	vec01828	0.02087	vec00789	0.01797	vec00524	0.01774	vec01115	0.0174
v41kuA	1	0.21031	vec00958	0.21031	vec01038	0.0838	vec01810	0.05245	vec01523	0.04206	vec01727	0.03583	vec01128	0.03374	vec01940	0.0313	vec00145	0.02863	vec00185	0.02778	vec01899	0.02763
v41lmA	1	0.21226	vec01290	0.21226	vec00418	0.06824	vec00311	0.06206	vec00586	0.05226	vec00488	0.03495	vec00178	0.03448	vec00079	0.03298	vec01862	0.03072	vec00272	0.02522	vec00752	0.02374
v41jsBS	1	0.21425	vec00199	0.21425	vec00810	0.09316	vec01632	0.08278	vec00394	0.07288	vec01369	0.06321	vec00857	0.05535	vec01475	0.05125	vec00153	0.04907	vec00575	0.04754	vec01718	0.04629
v41eqA	4	0.21426	vec00227	0.21426	vec01025	0.20611	vec00026	0.05854	vec01085	0.0565	vec01567	0.03966	vec00121	0.02352	vec01547	0.01405	vec00685	0.01399	vec00218	0.01373	vec00579	0.01123
v41jsDE	1	0.2202	vec00633	0.2202	vec00031	0.12049	vec01572	0.11444	vec00435	0.04794	vec00161	0.0401	vec01682	0.03856	vec01664	0.03666	vec00832	0.03206	vec00477	0.02767	vec01614	0.02155
v41jvB	7	0.22456	vec00394	0.22456	vec00199	0.13725	vec00097	0.07362	vec00245	0.05589	vec00017	0.03834	vec00975	0.02594	vec00006	0.02501	vec01813	0.01547	vec01055	0.01413	vec00118	0.01308
v41cA	1	0.22473	vec00942	0.22473	vec01601	0.16747	vec01140	0.077	vec00905	0.04218	vec00658	0.03369	vec01104	0.02963	vec00380	0.02455	vec00646	0.01737	vec00739	0.0153	vec00911	0.0141
v41jsAI	2	0.22575	vec00432	0.22575	vec00610	0.16215	vec01558	0.08971	vec01458	0.08511	vec00817	0.0671	vec01647	0.06016	vec00609	0.05258	vec00864	0.04419	vec00341	0.03105	vec00032	0.03074
v41juM	113	0.23019	vec00394	0.23019	vec00199	0.08714	vec00017	0.05665	vec00006	0.03741	vec00097	0.03232	vec01055	0.02295	vec00245	0.02057	vec00381	0.01313	vec00975	0.01223	vec00118	0.01102
v41fdA	6	0.23047	vec00227	0.23047	vec01085	0.12858	vec00026	0.10225	vec01025	0.09137	vec01566	0.03256	vec00665	0.02659	vec00218	0.02453	vec00086	0.01981	vec00097	0.01895	vec00048	0.01673
v41jmE	1	0.23065	vec01403	0.23065	vec01428	0.12977	vec00995	0.07634	vec01226	0.07252	vec00932	0.05747	vec00610	0.0544	vec01068	0.04912	vec00579	0.04501	vec00958	0.04135	vec01669	0.04109
v41jsBD	1	0.23197	vec01209	0.23197	vec01940	0.06004	vec00667	0.05646	vec01682	0.04392	vec01376	0.03189	vec00013	0.03016	vec01976	0.02926	vec00556	0.02843	vec01790	0.02773	vec00547	0.02724
v41hsAI	2	0.23213	vec00113	0.23213	vec00086	0.04293	vec00217	0.03075	vec01568	0.02887	vec00309	0.02372	vec00586	0.0232	vec01201	0.02244	vec01570	0.02186	vec00227	0.01865	vec01499	0.016
v41jsS	2	0.23263	vec00097	0.23263	vec01518	0.07905	vec00524	0.05232	vec00227	0.03162	vec00113	0.02756	vec00226	0.02462	vec01813	0.02395	vec00199	0.02097	vec01564	0.02068	vec01662	0.02053
v41jsH	32	0.23441	vec00226	0.23441	vec01839	0.03333	vec00317	0.02842	vec00031	0.02727	vec01228	0.02386	vec00017	0.0231	vec00812	0.02284	vec00328	0.02188	vec00199	0.02159	vec01547	0.02039
v41jsAV	3	0.23442	vec01468	0.23442	vec01653	0.07502	vec00668	0.0731	vec01664	0.05644	vec00307	0.05571	vec01299	0.0378	vec01308	0.03443	vec01576	0.03417	vec00817	0.0337	vec01682	0.03214
v41jsAS	2	0.23566	vec00031	0.23566	vec00199	0.03832	vec00519	0.03358	vec01668	0.02492	vec00547	0.02438	vec01790	0.02283	vec00419	0.02192	vec00209	0.02064	vec01674	0.01989	vec00057	0.01914
v41jsBX	8	0.23744	vec01229	0.23744	vec00199	0.03661	vec00169	0.02848	vec01376	0.016	vec00074	0.01535	vec00108	0.01519	vec01141	0.01434	vec00017	0.01366	vec00483	0.01351	vec00833	0.01285
v41lsD	2	0.2378	vec00841	0.2378	vec01358	0.22612	vec00819	0.13826	vec00932	0.08062	vec01034	0.04639	vec01608	0.046	vec01517	0.02866	vec00735	0.02768	vec00033	0.02541	vec01500	0.02048
v41jsDU	1	0.23929	vec01662	0.23929	vec00334	0.23133	vec00153	0.08758	vec00069	0.06286	vec00884	0.03134	vec00964	0.02458	vec00309	0.02268	vec00808	0.01766	vec00169	0.01574	vec00740	0.01429
v41giB	1	0.2409	vec00922	0.2409	vec00522	0.06506	vec00097	0.06487	vec01753	0.06437	vec01332	0.06419	vec01304	0.05507	vec01924	0.05381	vec01103	0.03934	vec01219	0.03271	vec00742	0.03102
v41oyA	1	0.24361	vec00869	0.24361	vec00310	0.10257	vec00445	0.04076	vec00132	0.03635	vec01619	0.02057	vec01813	0.02015	vec01333	0.01958	vec00958	0.01841	vec00667	0.0179	vec00838	0.0162
v41jsDC	1	0.24509	vec01230	0.24509	vec00740	0.02364	vec01247	0.02232	vec00483	0.02022	vec01419	0.01961	vec00741	0.01942	vec01702	0.01923	vec01176	0.018	vec01096	0.01717	vec01634	0.01655
v41luA	2	0.24789	vec01533	0.24789	vec00625	0.12332	vec01367	0.06366	vec01219	0.05756	vec00949	0.05496	vec00614	0.04872	vec01486	0.04652	vec00102	0.04452	vec00893	0.04121	vec00640	0.03932
v41mfA	1	0.25609	vec00531	0.25609	vec00763	0.13641	vec00606	0.02561	vec01114	0.02229	vec01301	0.01658	vec01146	0.0125	vec00621	0.0124	vec01876	0.01232	vec00819	0.01179	vec01741	0.01153
v41lxA	2	0.26065	vec00631	0.26065	vec00991	0.13246	vec00995	0.12977	vec01645	0.084	vec01196	0.0519	vec01371	0.03765	vec00283	0.03641	vec00942	0.03586	vec01859	0.0299	vec00145	0.02636
v41ffA	15	0.26343	vec01041	0.26343	vec01025	0.11095	vec00026	0.0977	vec00063	0.07336	vec00227	0.0293	vec01069	0.01846	vec00169	0.01723	vec00432	0.01619	vec01495	0.01553	vec00403	0.01375
v41huB	81	0.26748	vec00863	0.26748	vec01104	0.19162	vec00613	0.05005	vec00169	0.02532	vec01458	0.02515	vec00713	0.02275	vec00739	0.0213	vec00369	0.02037	vec00172	0.02017	vec01491	0.01792
v41dsD	1	0.26988	vec00603	0.26988	vec00260	0.09251	vec00043	0.03189	vec00011	0.03055	vec00782	0.02983	vec00833	0.02803	vec01156	0.02793	vec00153	0.02706	vec01924	0.02529	vec01491	0.02411
v41hsC	8	0.27114	vec00402	0.27114	vec01491	0.12743	vec00613	0.11576	vec01003	0.11066	vec01299	0.05357	vec00189	0.04057	vec00532	0.0405	vec00704	0.03766	vec01474	0.02394	vec01007	0.02283
v41fdB	1	0.27167	vec00226	0.27167	vec01547	0.07534	vec00221	0.04999	vec00574	0.03408	vec00121	0.0309	vec01228	0.02562	vec00117	0.02356	vec00097	0.02109	vec00277	0.0204	vec00039	0.02015
v41huF	1	0.27576	vec01491	0.27576	vec00532	0.24423	vec00704	0.12923	vec00321	0.11056	vec00505	0.10125	vec00189	0.05951	vec01474	0.04445	vec00613	0.04237	vec00659	0.04022	vec01164	0.03779
v41jsAF	488	0.28499	vec00077	0.28499	vec00270	0.08706	vec01655	0.03555	vec00419	0.0201	vec01523	0.01896	vec00428	0.01788	vec00078	0.01213	vec00591	0.01131	vec01746	0.01117	vec01458	0.01087
v41jsP	454	0.28711	vec01564	0.28711	vec00077	0.07018	vec00012	0.02574	vec00270	0.02281	vec00199	0.02249	vec00469	0.01932	vec00411	0.01931	vec00381	0.01689	vec00017	0.01655	vec00884	0.01354
v41jsCU	1	0.29268	vec00599	0.29268	vec01475	0.26145	vec01744	0.13083	vec00597	0.08873	vec00740	0.06576	vec01977	0.0347	vec00610	0.02693	vec01587	0.02245	vec01132	0.02033	vec01752	0.02023
v41jsCX	2	0.29563	vec00199	0.29563	vec00812	0.10642	vec00226	0.10202	vec00575	0.05445	vec00157	0.03895	vec01290	0.02934	vec00439	0.02857	vec00551	0.02681	vec01745	0.02541	vec01200	0.02356
v41jsBI	11	0.29925	vec01209	0.29925	vec01940	0.03097	vec01545	0.0282	vec00094	0.02577	vec00032	0.02376	vec00013	0.02339	vec00589	0.02251	vec00381	0.02048	vec00486	0.01686	vec01518	0.01607
v41jsAE	41	0.30205	vec00428	0.30205	vec00419	0.03292	vec01446	0.03068	vec01290	0.02844	vec01523	0.02397	vec00013	0.01919	vec01976	0.0175	vec01924	0.0175	vec00633	0.01749	vec01682	0.01547
v41jsBH	1	0.30305	vec00017	0.30305	vec01361	0.02701	vec00381	0.02408	vec00169	0.02286	vec00469	0.02208	vec00226	0.02131	vec00108	0.01861	vec01545	0.01788	vec00317	0.01573	vec00850	0.01563
v41alA	1	0.30904	vec01221	0.30904	vec00078	0.09148	vec00141	0.05191	vec00369	0.04535	vec00571	0.03323	vec00087	0.02796	vec00966	0.02467	vec00069	0.01939	vec00932	0.01764	vec00507	0.01718
v41fvA	2	0.31134	vec00793	0.31134	vec00113	0.16493	vec00786	0.08497	vec00755	0.07468	vec01744	0.056	vec00790	0.05209	vec01880	0.05072	vec01369	0.03633	vec00810	0.03514	vec00911	0.03286
v41ibA	1	0.31287	vec00875	0.31287	vec01110	0.10246	vec01924	0.10072	vec01641	0.08387	vec01196	0.07639	vec00145	0.06361	vec01371	0.04926	vec01665	0.04685	vec01590	0.04123	vec01348	0.04009
v41mjB	1	0.3218	vec01810	0.3218	vec01038	0.06554	vec00185	0.06375	vec01500	0.06195	vec00126	0.06038	vec00579	0.05552	vec01491	0.05345	vec01168	0.04946	vec01068	0.04756	vec01777	0.04681
v41ikA	1	0.32254	vec01216	0.32254	vec01219	0.06477	vec00833	0.05057	vec01623	0.04334	vec00665	0.04274	vec01673	0.04047	vec01634	0.03645	vec00922	0.02825	vec00685	0.02783	vec00055	0.02629
v41ieA	3	0.32463	vec00461	0.32463	vec00844	0.10463	vec01870	0.03955	vec00996	0.03305	vec01489	0.03204	vec00244	0.02664	vec00852	0.02509	vec00174	0.0247	vec01265	0.02466	vec00069	0.02083
v41jsBU	3	0.32509	vec00374	0.32509	vec00057	0.10183	vec00218	0.03237	vec00366	0.02587	vec01539	0.02532	vec00212	0.02524	vec01623	0.02381	vec00199	0.02273	vec01015	0.01901	vec00127	0.01871
v41jvA	3	0.32589	vec00199	0.32589	vec00097	0.03231	vec00524	0.02698	vec01055	0.02545	vec01813	0.02433	vec01523	0.01974	vec01591	0.0196	vec00153	0.01925	vec00017	0.0189	vec00245	0.01855
v41feA	1	0.3367	vec01041	0.3367	vec00026	0.26367	vec01025	0.11989	vec00063	0.10681	vec01069	0.02776	vec00227	0.0228	vec00671	0.02032	vec00665	0.01949	vec01495	0.01818	vec01085	0.01564
v41fkA	1	0.33687	vec01488	0.33687	vec01614	0.08091	vec01220	0.0745	vec00992	0.07414	vec00736	0.06683	vec00620	0.06519	vec01038	0.05589	vec00657	0.0354	vec00608	0.03136	vec00441	0.0299
v41hsP	2	0.3371	vec00613	0.3371	vec01003	0.18623	vec01166	0.08388	vec00713	0.07257	vec01491	0.06213	vec00615	0.05199	vec01007	0.04922	vec00096	0.04712	vec00106	0.0458	vec01474	0.04551
v41hdA	3	0.35646	vec01196	0.35646	vec01035	0.06067	vec01226	0.04536	vec00503	0.03993	vec01403	0.03206	vec01428	0.03139	vec01195	0.02793	vec00631	0.02145	vec00918	0.02114	vec00728	0.02035
v41neB	1	0.3567	vec01552	0.3567	vec01802	0.17761	vec01449	0.12989	vec00903	0.09074	vec01571	0.08626	vec01638	0.06607	vec00648	0.06006	vec00712	0.05691	vec01451	0.04623	vec00879	0.04143
v41heD	1	0.36025	vec01348	0.36025	vec01196	0.11462	vec01486	0.10478	vec00466	0.05808	vec01195	0.04416	vec00993	0.02872	vec01254	0.02738	vec01640	0.02648	vec00503	0.02309	vec01226	0.01785
v41hsB	19	0.36414	vec01003	0.36414	vec00613	0.09767	vec01166	0.06463	vec00402	0.06245	vec01491	0.05573	vec00096	0.02992	vec01474	0.02675	vec00532	0.02447	vec00189	0.02404	vec00149	0.02213
v41hsAG	1	0.36594	vec00704	0.36594	vec00532	0.15399	vec00321	0.14651	vec01491	0.13273	vec01474	0.08217	vec00096	0.06137	vec00505	0.05005	vec00172	0.04108	vec01698	0.04084	vec01585	0.03488
v41mfB	13	0.37265	vec00763	0.37265	vec00606	0.35862	vec00531	0.05131	vec01876	0.01499	vec00212	0.01196	vec00827	0.01111	vec00117	0.01041	vec00189	0.01038	vec01808	0.00977	vec01910	0.00909
v41jjA	1	0.38043	vec00080	0.38043	vec00837	0.26989	vec01646	0.1247	vec00098	0.11732	vec01015	0.05489	vec00196	0.0472	vec01823	0.04361	vec00038	0.03554	vec00012	0.02473	vec00361	0.02238
v41lB	1	0.384	vec00047	0.384	vec01361	0.06542	vec00296	0.06367	vec01953	0.04449	vec00522	0.01849	vec00710	0.01756	vec00380	0.01707	vec00272	0.01453	vec01538	0.01447	vec00905	0.01327
v41huA	2	0.3897	vec00613	0.3897	vec00556	0.05954	vec01491	0.05216	vec00532	0.04333	vec00505	0.03921	vec00178	0.03903	vec01585	0.03725	vec01290	0.03343	vec01007	0.03025	vec00127	0.02575
v41oxA	1	0.393	vec01621	0.393	vec00703	0.09083	vec01941	0.06213	vec00875	0.0429	vec00742	0.03764	vec00196	0.03442	vec01173	0.03259	vec01336	0.03063	vec00467	0.0297	vec01498	0.02819
v41hsX	8	0.39309	vec00574	0.39309	vec01207	0.17204	vec00149	0.1594	vec00303	0.07879	vec01299	0.02455	vec01166	0.02308	vec00520	0.01827	vec01003	0.01734	vec01333	0.01603	vec00211	0.01337
v41huD	2	0.39647	vec00613	0.39647	vec01474	0.07378	vec01585	0.07085	vec01007	0.05387	vec00677	0.04342	vec00096	0.03841	vec00704	0.0335	vec00127	0.03098	vec00648	0.0276	vec01491	0.0263
v41lrB	2	0.40295	vec00048	0.40295	vec00143	0.34066	vec00942	0.24928	vec01601	0.02722	vec01337	0.023	vec00665	0.02274	vec01140	0.02181	vec01630	0.02061	vec00739	0.02055	vec00296	0.01988
v41eiA	8	0.40379	vec01070	0.40379	vec00231	0.23088	vec00609	0.08782	vec01591	0.0532	vec00742	0.03146	vec01210	0.02829	vec01558	0.02593	vec00188	0.02345	vec00547	0.02186	vec01458	0.01851
v41noC	15	0.40561	vec00084	0.40561	vec00404	0.28606	vec00089	0.14955	vec00196	0.03509	vec00524	0.03351	vec00175	0.02296	vec00417	0.02073	vec01496	0.01822	vec01414	0.01687	vec00812	0.01576
v41dsC	5	0.41175	vec00603	0.41175	vec00841	0.06525	vec01156	0.05166	vec00833	0.03892	vec01778	0.0265	vec00502	0.02229	vec01363	0.02087	vec00735	0.0208	vec01444	0.02079	vec00629	0.01745
v41hsZ	4	0.41207	vec00096	0.41207	vec01474	0.19222	vec00613	0.08891	vec00704	0.04526	vec00505	0.04085	vec01698	0.03312	vec01491	0.03185	vec00677	0.0254	vec01585	0.02426	vec01007	0.02086
v41hzA	20	0.41331	vec00867	0.41331	vec01489	0.10268	vec00633	0.09417	vec00426	0.06447	vec01110	0.04022	vec01371	0.02233	vec00717	0.018	vec00145	0.01524	vec01693	0.01462	vec00681	0.01461
v41ctA	1	0.41547	vec01953	0.41547	vec00519	0.11768	vec00723	0.05597	vec00016	0.04832	vec01141	0.0349	vec01167	0.03278	vec01536	0.02661	vec01668	0.0263	vec01706	0.02104	vec00910	0.02029
v41noB	6	0.41653	vec00196	0.41653	vec00033	0.16728	vec00404	0.04434	vec00089	0.03404	vec00441	0.02496	vec00740	0.02482	vec00812	0.02111	vec00009	0.02016	vec00992	0.01722	vec00355	0.01639
v41htC	2	0.4293	vec00071	0.4293	vec01548	0.16113	vec00258	0.02742	vec00317	0.02053	vec01082	0.01988	vec01133	0.01929	vec01264	0.01598	vec00704	0.01566	vec00613	0.01346	vec00463	0.01316
v41iB	3	0.43408	vec00213	0.43408	vec00601	0.18552	vec01567	0.01259	vec00113	0.01142	vec00046	0.01105	vec01375	0.01068	vec00741	0.01044	vec00309	0.01025	vec00527	0.00982	vec00198	0.0086
v41lcC	5	0.43705	vec00204	0.43705	vec00470	0.23753	vec01631	0.03105	vec00381	0.02948	vec00674	0.01973	vec00402	0.01877	vec00243	0.01519	vec01523	0.01506	vec00032	0.01369	vec00042	0.0122
v41juI	7	0.44155	vec00394	0.44155	vec00199	0.06648	vec00017	0.05302	vec01055	0.03962	vec00031	0.01563	vec00042	0.01309	vec00323	0.01256	vec00381	0.01054	vec00245	0.01043	vec01577	0.01022
v41bmA	2	0.45936	vec00646	0.45936	vec00751	0.0493	vec01178	0.04425	vec00569	0.03655	vec00389	0.02872	vec01149	0.0282	vec00096	0.02789	vec01104	0.02591	vec00604	0.02366	vec00725	0.02338
v41jsCZ	2	0.47873	vec00256	0.47873	vec00540	0.02501	vec01772	0.02416	vec00243	0.02172	vec00556	0.01907	vec00394	0.01717	vec00226	0.01682	vec00317	0.01605	vec01616	0.01455	vec00366	0.01407
v41hsJ	1	0.49594	vec00640	0.49594	vec01169	0.22578	vec00507	0.05106	vec00528	0.04716	vec01290	0.04452	vec00084	0.04232	vec00615	0.04144	vec00651	0.03146	vec00811	0.02653	vec00157	0.02497
v41jsCL	2	0.50426	vec00032	0.50426	vec01308	0.0534	vec01333	0.04741	vec00326	0.02866	vec01184	0.02131	vec00461	0.0206	vec00120	0.01959	vec01491	0.01732	vec01228	0.01689	vec00989	0.0168
v41cbA	2	0.5118	vec00079	0.5118	vec00440	0.01993	vec00101	0.01746	vec00328	0.01662	vec00812	0.01494	vec00095	0.01457	vec00735	0.01422	vec01188	0.01414	vec01234	0.01376	vec01712	0.01303
v41hfA	1	0.51364	vec01612	0.51364	vec01488	0.13185	vec01403	0.12351	vec01428	0.06073	vec01227	0.05221	vec00639	0.05122	vec01954	0.04913	vec01386	0.0341	vec01833	0.02818	vec01500	0.0267
v41lbE	1	0.51507	vec00470	0.51507	vec00204	0.22149	vec01446	0.09197	vec00674	0.02187	vec00402	0.0203	vec01631	0.01736	vec00031	0.01708	vec01353	0.01536	vec01044	0.01183	vec00153	0.01112
v41hsY	1	0.52641	vec00067	0.52641	vec00613	0.11938	vec00775	0.06188	vec01458	0.0514	vec00003	0.03025	vec01268	0.0283	vec00096	0.0279	vec00189	0.02493	vec01040	0.02201	vec01547	0.02061
v41hsN	47	0.52943	vec00172	0.52943	vec00613	0.09747	vec00532	0.04108	vec01491	0.03707	vec01138	0.03645	vec01585	0.03555	vec01146	0.0283	vec01474	0.02714	vec01007	0.02172	vec00704	0.02048
v41oxB	1	0.55529	vec00869	0.55529	vec00918	0.15959	vec01263	0.1308	vec00904	0.04271	vec00995	0.03657	vec01810	0.03625	vec00674	0.02784	vec01900	0.02755	vec01396	0.0244	vec01128	0.024
v41noE	4	0.57676	vec00089	0.57676	vec00196	0.19246	vec00533	0.08592	vec01188	0.07725	vec00225	0.04177	vec00194	0.02482	vec00404	0.01858	vec01458	0.01473	vec00009	0.01249	vec00098	0.01085
v41ntA	1	0.57837	vec00166	0.57837	vec00169	0.03409	vec00520	0.02138	vec01304	0.01827	vec00206	0.01727	vec01576	0.01697	vec01972	0.01581	vec00507	0.01566	vec01169	0.01539	vec01439	0.01535
v41lbB	3	0.582	vec00402	0.582	vec00470	0.50315	vec00204	0.0378	vec00107	0.01319	vec01545	0.01146	vec00381	0.01079	vec00032	0.00971	vec00003	0.0084	vec00992	0.00584	vec00742	0.0055
v41elA	2	0.58364	vec00211	0.58364	vec01808	0.09891	vec00820	0.08388	vec00024	0.01865	vec00199	0.01401	vec00859	0.01225	vec00132	0.01108	vec00037	0.01107	vec01547	0.01079	vec01207	0.01056
v41jsBA	1	0.58877	vec00348	0.58877	vec00277	0.12366	vec01229	0.12262	vec00302	0.03528	vec01396	0.03437	vec01455	0.02966	vec00074	0.02297	vec01322	0.02216	vec01119	0.01882	vec00873	0.01751
v41hsAK	1	0.60501	vec01547	0.60501	vec00096	0.09917	vec00613	0.08853	vec01166	0.05356	vec01185	0.04732	vec00241	0.04325	vec01231	0.04248	vec01003	0.04054	vec00135	0.03899	vec00291	0.03503
v41jsDB	2	0.63239	vec01231	0.63239	vec00347	0.2126	vec00404	0.04728	vec01547	0.03803	vec00257	0.03397	vec00541	0.02784	vec00013	0.02771	vec01072	0.02197	vec00009	0.01565	vec00291	0.01434
v41fqA	1	0.63623	vec00135	0.63623	vec01023	0.27709	vec01310	0.07676	vec00663	0.03186	vec01084	0.02807	vec01000	0.02437	vec00276	0.02426	vec01304	0.01954	vec00648	0.01783	vec00708	0.01766
v41jsCA	1	0.64541	vec00381	0.64541	vec00589	0.06653	vec01924	0.03958	vec00141	0.03374	vec01523	0.03274	vec00345	0.02873	vec01545	0.0275	vec00958	0.02509	vec00671	0.0243	vec00135	0.0236
v41hsAC	6	0.65346	vec00149	0.65346	vec01003	0.21903	vec01291	0.05402	vec01166	0.03551	vec00303	0.02071	vec01299	0.01546	vec00574	0.01468	vec00092	0.01414	vec00250	0.01164	vec00082	0.01126
v41ekA	1	0.72953	vec00314	0.72953	vec01912	0.21594	vec01458	0.12917	vec01040	0.04279	vec00539	0.02871	vec01841	0.02546	vec00742	0.02188	vec00483	0.02047	vec00574	0.01894	vec00520	0.01802
v41juN	1	0.74512	vec00017	0.74512	vec00975	0.06527	vec00245	0.03911	vec00097	0.0284	vec00199	0.02582	vec00364	0.02252	vec00006	0.02188	vec00031	0.02161	vec00400	0.02052	vec01055	0.01937
v41jsEV	3	0.74868	vec00520	0.74868	vec00079	0.02683	vec01564	0.02563	vec00812	0.02252	vec00199	0.01882	vec00696	0.01729	vec01539	0.01419	vec00211	0.01325	vec00326	0.01277	vec00540	0.01249
v41apA	1	0.75796	vec01765	0.75796	vec00067	0.06171	vec00038	0.06051	vec00710	0.05369	vec00113	0.03856	vec00239	0.02585	vec00698	0.02449	vec00915	0.02271	vec00713	0.02136	vec01145	0.02039
v41eqB	4	0.76868	vec00227	0.76868	vec01085	0.05991	vec01337	0.04118	vec01623	0.03074	vec00665	0.03001	vec00048	0.02816	vec00579	0.02556	vec01566	0.0206	vec01567	0.01835	vec01377	0.01613
v41oyB	1	0.77201	vec00869	0.77201	vec00132	0.03681	vec01048	0.0337	vec00310	0.03061	vec00840	0.02031	vec01900	0.01961	vec01263	0.01859	vec00904	0.01699	vec00782	0.01673	vec00848	0.01597
v41ajA	2	0.80988	vec00696	0.80988	vec00902	0.07745	vec01912	0.01447	vec00218	0.01347	vec00821	0.01293	vec00381	0.01196	vec01446	0.01188	vec00744	0.01129	vec01735	0.01096	vec01369	0.01068
v41fgA	1	0.84718	vec00992	0.84718	vec01488	0.26056	vec01220	0.06641	vec00736	0.04251	vec01180	0.03587	vec01386	0.03005	vec01038	0.02869	vec00213	0.02248	vec00620	0.02123	vec01543	0.01904
v41hvA	8	0.85654	vec00172	0.85654	vec01138	0.03826	vec01146	0.03504	vec01585	0.02119	vec00613	0.02111	vec00532	0.01909	vec01491	0.01675	vec01474	0.01323	vec01698	0.01222	vec00704	0.01197
v41krC	1	0.85735	vec00516	0.85735	vec00835	0.08014	vec00771	0.02559	vec01372	0.02321	vec00154	0.02029	vec01001	0.01893	vec00090	0.01677	vec00434	0.01439	vec00859	0.01353	vec01545	0.01134
v41dsB	1	0.87701	vec00603	0.87701	vec00043	0.03916	vec00782	0.03631	vec01378	0.03067	vec00011	0.02941	vec01709	0.02691	vec01156	0.02473	vec00735	0.0236	vec01342	0.02188	vec00841	0.02063
v41lbA	1	0.88708	vec00203	0.88708	vec00470	0.16754	vec01545	0.08418	vec01631	0.02134	vec01026	0.01638	vec00303	0.01491	vec00381	0.01449	vec01385	0.01186	vec00082	0.01186	vec01551	0.00991
v41fdI	1	0.88888	vec00221	0.88888	vec01347	0.04042	vec01568	0.0231	vec00845	0.02173	vec00277	0.02114	vec00510	0.02059	vec00309	0.02023	vec01085	0.01969	vec01037	0.01948	vec00097	0.01815
v41jsL	1	0.89178	vec00317	0.89178	vec01040	0.02872	vec00540	0.02081	vec01143	0.01961	vec00323	0.01926	vec00199	0.01835	vec00839	0.01661	vec00439	0.01618	vec01471	0.01451	vec00975	0.01418
v41jsEM	2	0.93982	vec01203	0.93982	vec01518	0.11069	vec00097	0.03556	vec00827	0.03355	vec00361	0.02373	vec01679	0.01792	vec00771	0.01671	vec01579	0.01651	vec01523	0.01583	vec00227	0.01573
v41mtE	6	0.94037	vec00003	0.94037	vec00486	0.02876	vec01490	0.01847	vec00014	0.00953	vec01579	0.00905	vec00149	0.00789	vec01630	0.00755	vec00491	0.00748	vec00499	0.00744	vec00070	0.00714
v41ehA	11	0.9465	vec00243	0.9465	vec00574	0.03236	vec01133	0.01452	vec00850	0.01114	vec00024	0.01032	vec00169	0.00885	vec01630	0.00864	vec01193	0.00793	vec01182	0.00747	vec01682	0.00683
v41ocA	2	0.95014	vec00366	0.95014	vec00317	0.02339	vec00865	0.02101	vec01304	0.0136	vec00084	0.01184	vec00166	0.0092	vec00055	0.00896	vec00146	0.00806	vec00060	0.00743	vec01444	0.00741
v41bpB	1	0.96249	vec00369	0.96249	vec00419	0.01891	vec01577	0.01467	vec01795	0.01271	vec00276	0.01262	vec01169	0.01249	vec00233	0.01245	vec00169	0.01171	vec00079	0.01154	vec01491	0.01117
v41mtB	2	0.98514	vec00003	0.98514	vec01490	0.01554	vec00002	0.0147	vec00149	0.00912	vec00070	0.00884	vec01290	0.00859	vec00705	0.00847	vec00014	0.0081	vec01679	0.00684	vec00786	0.00656
v41mvA	1	0.99111	vec00003	0.99111	vec01490	0.01827	vec01645	0.00868	vec01679	0.00862	vec00705	0.00808	vec00499	0.0078	vec00014	0.00763	vec00199	0.00737	vec00149	0.00736	vec01356	0.00719
